<?xml version="1.0" encoding="utf-8"?>
<extension type="component" version="3.1.0" method="upgrade">
         <name>Direct Mail</name>
        <!-- The following elements are optional and free of formatting constraints -->
        <creationDate>Juillet 2013</creationDate>
        <author>Charlemagne Fabrice</author>
        <authorEmail>flash_math@yahoo.fr</authorEmail>
        <copyright>Copyright Info</copyright>
        <license>License Info</license>
        <!--  The version string is recorded in the components table -->
        <version>0.0.27</version>
        <!-- The description is optional and defaults to the name -->
        <description>COM_DIRECTMAIL_XML_DESCRIPTION</description>
		
		<install> <!-- Runs on install -->
                <sql>
                        <file driver="mysql" charset="utf8">sql/install.mysql.utf8.sql</file>
                </sql>
        </install>
		<uninstall> <!-- Runs on uninstall -->
                <sql>
                        <file driver="mysql" charset="utf8">sql/uninstall.mysql.utf8.sql</file>
                </sql>
        </uninstall>

        <update> <!-- Runs on update; New in 2.5 -->
                <schemas>
                        <schemapath type="mysql">sql/updates/mysql</schemapath>
                </schemas>
        </update>
		
		<scriptfile>script.php</scriptfile>
		
		<files folder="site">
		   <filename>index.html</filename>
		   <filename>directmail.php</filename>
		   <filename>controller.php</filename>
		   <folder>views</folder>
		   <folder>controllers</folder>
		   <folder>models</folder>
		</files>
 
        <administration>
				<menu>COM_DIRECTMAIL_MENU</menu>
				<files folder="admin">
					<filename>index.html</filename>
					<filename>controller.php</filename>
					<filename>directmail.php</filename>
					<filename>access.xml</filename>
					<filename>config.xml</filename>
					<folder>sql</folder>
					<folder>models</folder>
					<folder>views</folder>
					<folder>helpers</folder>
					<folder>controllers</folder>
					<folder>tables</folder>					
				</files>
                <languages folder="admin">
					<language tag="en-GB">language/en-GB/en-GB.com_directmail.ini</language>
					<language tag="en-GB">language/en-GB/en-GB.com_directmail.sys.ini</language>
					<language tag="fr-FR">language/fr-FR/fr-FR.com_directmail.ini</language>
					<language tag="fr-FR">language/fr-FR/fr-FR.com_directmail.sys.ini</language>
				</languages>
        </administration>
 
</extension>